iter,acc,nmi,ari,acc_unconf,nmi_unconf,acc_conf,nmi_conf,nb_unconf,nb_conf,loss
0,0.4693,0.47313,0.32014,0.5683900523560209,0.6016428689565516,0.31893004115226337,0.3175266288899037,6112,3888,0.0
